league,season,game,date,home_team,away_team,game_id,url,stage
ENG-Premier League,2223,2022-08-05 Crystal Palace-Arsenal,2022-08-05 20:00:00,Crystal Palace,Arsenal,1640674,https://www.whoscored.com/Matches/1640674/Live/England-Premier-League-2022-2023-Crystal-Palace-Arsenal,
ENG-Premier League,2223,2022-08-06 Bournemouth-Aston Villa,2022-08-06 15:00:00,Bournemouth,Aston Villa,1640676,https://www.whoscored.com/Matches/1640676/Live/England-Premier-League-2022-2023-Bournemouth-Aston-Villa,
ENG-Premier League,2223,2022-08-06 Everton-Chelsea,2022-08-06 17:30:00,Everton,Chelsea,1640681,https://www.whoscored.com/Matches/1640681/Live/England-Premier-League-2022-2023-Everton-Chelsea,
ENG-Premier League,2223,2022-08-06 Fulham-Liverpool,2022-08-06 12:30:00,Fulham,Liverpool,1640675,https://www.whoscored.com/Matches/1640675/Live/England-Premier-League-2022-2023-Fulham-Liverpool,
ENG-Premier League,2223,2022-08-06 Leeds-Wolves,2022-08-06 15:00:00,Leeds,Wolves,1640677,https://www.whoscored.com/Matches/1640677/Live/England-Premier-League-2022-2023-Leeds-Wolves,
ENG-Premier League,2223,2022-08-06 Newcastle-Nottingham Forest,2022-08-06 15:00:00,Newcastle,Nottingham Forest,1640679,https://www.whoscored.com/Matches/1640679/Live/England-Premier-League-2022-2023-Newcastle-Nottingham-Forest,
ENG-Premier League,2223,2022-08-06 Tottenham-Southampton,2022-08-06 15:00:00,Tottenham,Southampton,1640680,https://www.whoscored.com/Matches/1640680/Live/England-Premier-League-2022-2023-Tottenham-Southampton,
ENG-Premier League,2223,2022-08-07 Leicester-Brentford,2022-08-07 14:00:00,Leicester,Brentford,1640678,https://www.whoscored.com/Matches/1640678/Live/England-Premier-League-2022-2023-Leicester-Brentford,
ENG-Premier League,2223,2022-08-07 Manchester United-Brighton,2022-08-07 14:00:00,Manchester United,Brighton,1640682,https://www.whoscored.com/Matches/1640682/Live/England-Premier-League-2022-2023-Manchester-United-Brighton,
ENG-Premier League,2223,2022-08-07 West Ham-Manchester City,2022-08-07 16:30:00,West Ham,Manchester City,1640683,https://www.whoscored.com/Matches/1640683/Live/England-Premier-League-2022-2023-West-Ham-Manchester-City,
ENG-Premier League,2223,2022-08-13 Arsenal-Leicester,2022-08-13 15:00:00,Arsenal,Leicester,1640684,https://www.whoscored.com/Matches/1640684/Live/England-Premier-League-2022-2023-Arsenal-Leicester,
ENG-Premier League,2223,2022-08-13 Aston Villa-Everton,2022-08-13 12:30:00,Aston Villa,Everton,1640685,https://www.whoscored.com/Matches/1640685/Live/England-Premier-League-2022-2023-Aston-Villa-Everton,
ENG-Premier League,2223,2022-08-13 Brentford-Manchester United,2022-08-13 17:30:00,Brentford,Manchester United,1640686,https://www.whoscored.com/Matches/1640686/Live/England-Premier-League-2022-2023-Brentford-Manchester-United,
ENG-Premier League,2223,2022-08-13 Brighton-Newcastle,2022-08-13 15:00:00,Brighton,Newcastle,1640687,https://www.whoscored.com/Matches/1640687/Live/England-Premier-League-2022-2023-Brighton-Newcastle,
ENG-Premier League,2223,2022-08-13 Manchester City-Bournemouth,2022-08-13 15:00:00,Manchester City,Bournemouth,1640690,https://www.whoscored.com/Matches/1640690/Live/England-Premier-League-2022-2023-Manchester-City-Bournemouth,
ENG-Premier League,2223,2022-08-13 Southampton-Leeds,2022-08-13 15:00:00,Southampton,Leeds,1640692,https://www.whoscored.com/Matches/1640692/Live/England-Premier-League-2022-2023-Southampton-Leeds,
ENG-Premier League,2223,2022-08-13 Wolves-Fulham,2022-08-13 15:00:00,Wolves,Fulham,1640693,https://www.whoscored.com/Matches/1640693/Live/England-Premier-League-2022-2023-Wolves-Fulham,
ENG-Premier League,2223,2022-08-14 Chelsea-Tottenham,2022-08-14 16:30:00,Chelsea,Tottenham,1640688,https://www.whoscored.com/Matches/1640688/Live/England-Premier-League-2022-2023-Chelsea-Tottenham,
ENG-Premier League,2223,2022-08-14 Nottingham Forest-West Ham,2022-08-14 14:00:00,Nottingham Forest,West Ham,1640691,https://www.whoscored.com/Matches/1640691/Live/England-Premier-League-2022-2023-Nottingham-Forest-West-Ham,
ENG-Premier League,2223,2022-08-15 Liverpool-Crystal Palace,2022-08-15 20:00:00,Liverpool,Crystal Palace,1640689,https://www.whoscored.com/Matches/1640689/Live/England-Premier-League-2022-2023-Liverpool-Crystal-Palace,
ENG-Premier League,2223,2022-08-20 Bournemouth-Arsenal,2022-08-20 17:30:00,Bournemouth,Arsenal,1640694,https://www.whoscored.com/Matches/1640694/Live/England-Premier-League-2022-2023-Bournemouth-Arsenal,
ENG-Premier League,2223,2022-08-20 Crystal Palace-Aston Villa,2022-08-20 15:00:00,Crystal Palace,Aston Villa,1640695,https://www.whoscored.com/Matches/1640695/Live/England-Premier-League-2022-2023-Crystal-Palace-Aston-Villa,
ENG-Premier League,2223,2022-08-20 Everton-Nottingham Forest,2022-08-20 15:00:00,Everton,Nottingham Forest,1640696,https://www.whoscored.com/Matches/1640696/Live/England-Premier-League-2022-2023-Everton-Nottingham-Forest,
ENG-Premier League,2223,2022-08-20 Fulham-Brentford,2022-08-20 15:00:00,Fulham,Brentford,1640697,https://www.whoscored.com/Matches/1640697/Live/England-Premier-League-2022-2023-Fulham-Brentford,
ENG-Premier League,2223,2022-08-20 Leicester-Southampton,2022-08-20 15:00:00,Leicester,Southampton,1640699,https://www.whoscored.com/Matches/1640699/Live/England-Premier-League-2022-2023-Leicester-Southampton,
ENG-Premier League,2223,2022-08-20 Tottenham-Wolves,2022-08-20 12:30:00,Tottenham,Wolves,1640702,https://www.whoscored.com/Matches/1640702/Live/England-Premier-League-2022-2023-Tottenham-Wolves,
ENG-Premier League,2223,2022-08-21 Leeds-Chelsea,2022-08-21 14:00:00,Leeds,Chelsea,1640698,https://www.whoscored.com/Matches/1640698/Live/England-Premier-League-2022-2023-Leeds-Chelsea,
ENG-Premier League,2223,2022-08-21 Newcastle-Manchester City,2022-08-21 16:30:00,Newcastle,Manchester City,1640701,https://www.whoscored.com/Matches/1640701/Live/England-Premier-League-2022-2023-Newcastle-Manchester-City,
ENG-Premier League,2223,2022-08-21 West Ham-Brighton,2022-08-21 14:00:00,West Ham,Brighton,1640703,https://www.whoscored.com/Matches/1640703/Live/England-Premier-League-2022-2023-West-Ham-Brighton,
ENG-Premier League,2223,2022-08-22 Manchester United-Liverpool,2022-08-22 20:00:00,Manchester United,Liverpool,1640700,https://www.whoscored.com/Matches/1640700/Live/England-Premier-League-2022-2023-Manchester-United-Liverpool,
ENG-Premier League,2223,2022-08-27 Arsenal-Fulham,2022-08-27 17:30:00,Arsenal,Fulham,1640704,https://www.whoscored.com/Matches/1640704/Live/England-Premier-League-2022-2023-Arsenal-Fulham,
ENG-Premier League,2223,2022-08-27 Brentford-Everton,2022-08-27 15:00:00,Brentford,Everton,1640706,https://www.whoscored.com/Matches/1640706/Live/England-Premier-League-2022-2023-Brentford-Everton,
ENG-Premier League,2223,2022-08-27 Brighton-Leeds,2022-08-27 15:00:00,Brighton,Leeds,1640707,https://www.whoscored.com/Matches/1640707/Live/England-Premier-League-2022-2023-Brighton-Leeds,
ENG-Premier League,2223,2022-08-27 Chelsea-Leicester,2022-08-27 15:00:00,Chelsea,Leicester,1640708,https://www.whoscored.com/Matches/1640708/Live/England-Premier-League-2022-2023-Chelsea-Leicester,
ENG-Premier League,2223,2022-08-27 Liverpool-Bournemouth,2022-08-27 15:00:00,Liverpool,Bournemouth,1640709,https://www.whoscored.com/Matches/1640709/Live/England-Premier-League-2022-2023-Liverpool-Bournemouth,
ENG-Premier League,2223,2022-08-27 Manchester City-Crystal Palace,2022-08-27 15:00:00,Manchester City,Crystal Palace,1640710,https://www.whoscored.com/Matches/1640710/Live/England-Premier-League-2022-2023-Manchester-City-Crystal-Palace,
ENG-Premier League,2223,2022-08-27 Southampton-Manchester United,2022-08-27 12:30:00,Southampton,Manchester United,1640712,https://www.whoscored.com/Matches/1640712/Live/England-Premier-League-2022-2023-Southampton-Manchester-United,
ENG-Premier League,2223,2022-08-28 Aston Villa-West Ham,2022-08-28 14:00:00,Aston Villa,West Ham,1640705,https://www.whoscored.com/Matches/1640705/Live/England-Premier-League-2022-2023-Aston-Villa-West-Ham,
ENG-Premier League,2223,2022-08-28 Nottingham Forest-Tottenham,2022-08-28 16:30:00,Nottingham Forest,Tottenham,1640711,https://www.whoscored.com/Matches/1640711/Live/England-Premier-League-2022-2023-Nottingham-Forest-Tottenham,
ENG-Premier League,2223,2022-08-28 Wolves-Newcastle,2022-08-28 14:00:00,Wolves,Newcastle,1640713,https://www.whoscored.com/Matches/1640713/Live/England-Premier-League-2022-2023-Wolves-Newcastle,
ENG-Premier League,2223,2022-08-30 Crystal Palace-Brentford,2022-08-30 19:30:00,Crystal Palace,Brentford,1640720,https://www.whoscored.com/Matches/1640720/Live/England-Premier-League-2022-2023-Crystal-Palace-Brentford,
ENG-Premier League,2223,2022-08-30 Fulham-Brighton,2022-08-30 19:30:00,Fulham,Brighton,1640716,https://www.whoscored.com/Matches/1640716/Live/England-Premier-League-2022-2023-Fulham-Brighton,
ENG-Premier League,2223,2022-08-30 Leeds-Everton,2022-08-30 20:00:00,Leeds,Everton,1640717,https://www.whoscored.com/Matches/1640717/Live/England-Premier-League-2022-2023-Leeds-Everton,
ENG-Premier League,2223,2022-08-30 Southampton-Chelsea,2022-08-30 19:45:00,Southampton,Chelsea,1640721,https://www.whoscored.com/Matches/1640721/Live/England-Premier-League-2022-2023-Southampton-Chelsea,
ENG-Premier League,2223,2022-08-31 Arsenal-Aston Villa,2022-08-31 19:30:00,Arsenal,Aston Villa,1640714,https://www.whoscored.com/Matches/1640714/Live/England-Premier-League-2022-2023-Arsenal-Aston-Villa,
ENG-Premier League,2223,2022-08-31 Bournemouth-Wolves,2022-08-31 19:30:00,Bournemouth,Wolves,1640715,https://www.whoscored.com/Matches/1640715/Live/England-Premier-League-2022-2023-Bournemouth-Wolves,
ENG-Premier League,2223,2022-08-31 Liverpool-Newcastle,2022-08-31 20:00:00,Liverpool,Newcastle,1640722,https://www.whoscored.com/Matches/1640722/Live/England-Premier-League-2022-2023-Liverpool-Newcastle,
ENG-Premier League,2223,2022-08-31 Manchester City-Nottingham Forest,2022-08-31 19:30:00,Manchester City,Nottingham Forest,1640723,https://www.whoscored.com/Matches/1640723/Live/England-Premier-League-2022-2023-Manchester-City-Nottingham-Forest,
ENG-Premier League,2223,2022-08-31 West Ham-Tottenham,2022-08-31 19:45:00,West Ham,Tottenham,1640719,https://www.whoscored.com/Matches/1640719/Live/England-Premier-League-2022-2023-West-Ham-Tottenham,
ENG-Premier League,2223,2022-09-01 Leicester-Manchester United,2022-09-01 20:00:00,Leicester,Manchester United,1640718,https://www.whoscored.com/Matches/1640718/Live/England-Premier-League-2022-2023-Leicester-Manchester-United,
ENG-Premier League,2223,2022-09-03 Aston Villa-Manchester City,2022-09-03 17:30:00,Aston Villa,Manchester City,1640724,https://www.whoscored.com/Matches/1640724/Live/England-Premier-League-2022-2023-Aston-Villa-Manchester-City,
ENG-Premier League,2223,2022-09-03 Brentford-Leeds,2022-09-03 15:00:00,Brentford,Leeds,1640725,https://www.whoscored.com/Matches/1640725/Live/England-Premier-League-2022-2023-Brentford-Leeds,
ENG-Premier League,2223,2022-09-03 Chelsea-West Ham,2022-09-03 15:00:00,Chelsea,West Ham,1640727,https://www.whoscored.com/Matches/1640727/Live/England-Premier-League-2022-2023-Chelsea-West-Ham,
ENG-Premier League,2223,2022-09-03 Everton-Liverpool,2022-09-03 12:30:00,Everton,Liverpool,1640728,https://www.whoscored.com/Matches/1640728/Live/England-Premier-League-2022-2023-Everton-Liverpool,
ENG-Premier League,2223,2022-09-03 Newcastle-Crystal Palace,2022-09-03 15:00:00,Newcastle,Crystal Palace,1640730,https://www.whoscored.com/Matches/1640730/Live/England-Premier-League-2022-2023-Newcastle-Crystal-Palace,
ENG-Premier League,2223,2022-09-03 Nottingham Forest-Bournemouth,2022-09-03 15:00:00,Nottingham Forest,Bournemouth,1640731,https://www.whoscored.com/Matches/1640731/Live/England-Premier-League-2022-2023-Nottingham-Forest-Bournemouth,
ENG-Premier League,2223,2022-09-03 Tottenham-Fulham,2022-09-03 15:00:00,Tottenham,Fulham,1640732,https://www.whoscored.com/Matches/1640732/Live/England-Premier-League-2022-2023-Tottenham-Fulham,
ENG-Premier League,2223,2022-09-03 Wolves-Southampton,2022-09-03 15:00:00,Wolves,Southampton,1640733,https://www.whoscored.com/Matches/1640733/Live/England-Premier-League-2022-2023-Wolves-Southampton,
ENG-Premier League,2223,2022-09-04 Brighton-Leicester,2022-09-04 14:00:00,Brighton,Leicester,1640726,https://www.whoscored.com/Matches/1640726/Live/England-Premier-League-2022-2023-Brighton-Leicester,
ENG-Premier League,2223,2022-09-04 Manchester United-Arsenal,2022-09-04 16:30:00,Manchester United,Arsenal,1640729,https://www.whoscored.com/Matches/1640729/Live/England-Premier-League-2022-2023-Manchester-United-Arsenal,
ENG-Premier League,2223,2022-09-16 Aston Villa-Southampton,2022-09-16 20:00:00,Aston Villa,Southampton,1640744,https://www.whoscored.com/Matches/1640744/Live/England-Premier-League-2022-2023-Aston-Villa-Southampton,
ENG-Premier League,2223,2022-09-16 Nottingham Forest-Fulham,2022-09-16 20:00:00,Nottingham Forest,Fulham,1640751,https://www.whoscored.com/Matches/1640751/Live/England-Premier-League-2022-2023-Nottingham-Forest-Fulham,
ENG-Premier League,2223,2022-09-17 Newcastle-Bournemouth,2022-09-17 15:00:00,Newcastle,Bournemouth,1640750,https://www.whoscored.com/Matches/1640750/Live/England-Premier-League-2022-2023-Newcastle-Bournemouth,
ENG-Premier League,2223,2022-09-17 Tottenham-Leicester,2022-09-17 17:30:00,Tottenham,Leicester,1640752,https://www.whoscored.com/Matches/1640752/Live/England-Premier-League-2022-2023-Tottenham-Leicester,
ENG-Premier League,2223,2022-09-17 Wolves-Manchester City,2022-09-17 12:30:00,Wolves,Manchester City,1640753,https://www.whoscored.com/Matches/1640753/Live/England-Premier-League-2022-2023-Wolves-Manchester-City,
ENG-Premier League,2223,2022-09-18 Brentford-Arsenal,2022-09-18 12:00:00,Brentford,Arsenal,1640745,https://www.whoscored.com/Matches/1640745/Live/England-Premier-League-2022-2023-Brentford-Arsenal,
ENG-Premier League,2223,2022-09-18 Everton-West Ham,2022-09-18 14:15:00,Everton,West Ham,1640748,https://www.whoscored.com/Matches/1640748/Live/England-Premier-League-2022-2023-Everton-West-Ham,
ENG-Premier League,2223,2022-10-01 Arsenal-Tottenham,2022-10-01 12:30:00,Arsenal,Tottenham,1640754,https://www.whoscored.com/Matches/1640754/Live/England-Premier-League-2022-2023-Arsenal-Tottenham,
ENG-Premier League,2223,2022-10-01 Bournemouth-Brentford,2022-10-01 15:00:00,Bournemouth,Brentford,1640755,https://www.whoscored.com/Matches/1640755/Live/England-Premier-League-2022-2023-Bournemouth-Brentford,
ENG-Premier League,2223,2022-10-01 Crystal Palace-Chelsea,2022-10-01 15:00:00,Crystal Palace,Chelsea,1640756,https://www.whoscored.com/Matches/1640756/Live/England-Premier-League-2022-2023-Crystal-Palace-Chelsea,
ENG-Premier League,2223,2022-10-01 Fulham-Newcastle,2022-10-01 15:00:00,Fulham,Newcastle,1640757,https://www.whoscored.com/Matches/1640757/Live/England-Premier-League-2022-2023-Fulham-Newcastle,
ENG-Premier League,2223,2022-10-01 Liverpool-Brighton,2022-10-01 15:00:00,Liverpool,Brighton,1640760,https://www.whoscored.com/Matches/1640760/Live/England-Premier-League-2022-2023-Liverpool-Brighton,
ENG-Premier League,2223,2022-10-01 Southampton-Everton,2022-10-01 15:00:00,Southampton,Everton,1640762,https://www.whoscored.com/Matches/1640762/Live/England-Premier-League-2022-2023-Southampton-Everton,
ENG-Premier League,2223,2022-10-01 West Ham-Wolves,2022-10-01 17:30:00,West Ham,Wolves,1640763,https://www.whoscored.com/Matches/1640763/Live/England-Premier-League-2022-2023-West-Ham-Wolves,
ENG-Premier League,2223,2022-10-02 Leeds-Aston Villa,2022-10-02 16:30:00,Leeds,Aston Villa,1640758,https://www.whoscored.com/Matches/1640758/Live/England-Premier-League-2022-2023-Leeds-Aston-Villa,
ENG-Premier League,2223,2022-10-02 Manchester City-Manchester United,2022-10-02 14:00:00,Manchester City,Manchester United,1640761,https://www.whoscored.com/Matches/1640761/Live/England-Premier-League-2022-2023-Manchester-City-Manchester-United,
ENG-Premier League,2223,2022-10-03 Leicester-Nottingham Forest,2022-10-03 20:00:00,Leicester,Nottingham Forest,1640759,https://www.whoscored.com/Matches/1640759/Live/England-Premier-League-2022-2023-Leicester-Nottingham-Forest,
ENG-Premier League,2223,2022-10-08 Bournemouth-Leicester,2022-10-08 15:00:00,Bournemouth,Leicester,1640765,https://www.whoscored.com/Matches/1640765/Live/England-Premier-League-2022-2023-Bournemouth-Leicester,
ENG-Premier League,2223,2022-10-08 Brighton-Tottenham,2022-10-08 17:30:00,Brighton,Tottenham,1640766,https://www.whoscored.com/Matches/1640766/Live/England-Premier-League-2022-2023-Brighton-Tottenham,
ENG-Premier League,2223,2022-10-08 Chelsea-Wolves,2022-10-08 15:00:00,Chelsea,Wolves,1640767,https://www.whoscored.com/Matches/1640767/Live/England-Premier-League-2022-2023-Chelsea-Wolves,
ENG-Premier League,2223,2022-10-08 Manchester City-Southampton,2022-10-08 15:00:00,Manchester City,Southampton,1640770,https://www.whoscored.com/Matches/1640770/Live/England-Premier-League-2022-2023-Manchester-City-Southampton,
ENG-Premier League,2223,2022-10-08 Newcastle-Brentford,2022-10-08 15:00:00,Newcastle,Brentford,1640771,https://www.whoscored.com/Matches/1640771/Live/England-Premier-League-2022-2023-Newcastle-Brentford,
ENG-Premier League,2223,2022-10-09 Arsenal-Liverpool,2022-10-09 16:30:00,Arsenal,Liverpool,1640764,https://www.whoscored.com/Matches/1640764/Live/England-Premier-League-2022-2023-Arsenal-Liverpool,
ENG-Premier League,2223,2022-10-09 Crystal Palace-Leeds,2022-10-09 14:00:00,Crystal Palace,Leeds,1640768,https://www.whoscored.com/Matches/1640768/Live/England-Premier-League-2022-2023-Crystal-Palace-Leeds,
ENG-Premier League,2223,2022-10-09 Everton-Manchester United,2022-10-09 19:00:00,Everton,Manchester United,1640769,https://www.whoscored.com/Matches/1640769/Live/England-Premier-League-2022-2023-Everton-Manchester-United,
ENG-Premier League,2223,2022-10-09 West Ham-Fulham,2022-10-09 14:00:00,West Ham,Fulham,1640773,https://www.whoscored.com/Matches/1640773/Live/England-Premier-League-2022-2023-West-Ham-Fulham,
ENG-Premier League,2223,2022-10-10 Nottingham Forest-Aston Villa,2022-10-10 20:00:00,Nottingham Forest,Aston Villa,1640772,https://www.whoscored.com/Matches/1640772/Live/England-Premier-League-2022-2023-Nottingham-Forest-Aston-Villa,
ENG-Premier League,2223,2022-10-14 Brentford-Brighton,2022-10-14 20:00:00,Brentford,Brighton,1640775,https://www.whoscored.com/Matches/1640775/Live/England-Premier-League-2022-2023-Brentford-Brighton,
ENG-Premier League,2223,2022-10-15 Fulham-Bournemouth,2022-10-15 15:00:00,Fulham,Bournemouth,1640776,https://www.whoscored.com/Matches/1640776/Live/England-Premier-League-2022-2023-Fulham-Bournemouth,
ENG-Premier League,2223,2022-10-15 Leicester-Crystal Palace,2022-10-15 12:30:00,Leicester,Crystal Palace,1640778,https://www.whoscored.com/Matches/1640778/Live/England-Premier-League-2022-2023-Leicester-Crystal-Palace,
ENG-Premier League,2223,2022-10-15 Tottenham-Everton,2022-10-15 17:30:00,Tottenham,Everton,1640782,https://www.whoscored.com/Matches/1640782/Live/England-Premier-League-2022-2023-Tottenham-Everton,
ENG-Premier League,2223,2022-10-15 Wolves-Nottingham Forest,2022-10-15 15:00:00,Wolves,Nottingham Forest,1640783,https://www.whoscored.com/Matches/1640783/Live/England-Premier-League-2022-2023-Wolves-Nottingham-Forest,
ENG-Premier League,2223,2022-10-16 Aston Villa-Chelsea,2022-10-16 14:00:00,Aston Villa,Chelsea,1640774,https://www.whoscored.com/Matches/1640774/Live/England-Premier-League-2022-2023-Aston-Villa-Chelsea,
ENG-Premier League,2223,2022-10-16 Leeds-Arsenal,2022-10-16 14:00:00,Leeds,Arsenal,1640777,https://www.whoscored.com/Matches/1640777/Live/England-Premier-League-2022-2023-Leeds-Arsenal,
ENG-Premier League,2223,2022-10-16 Liverpool-Manchester City,2022-10-16 16:30:00,Liverpool,Manchester City,1640779,https://www.whoscored.com/Matches/1640779/Live/England-Premier-League-2022-2023-Liverpool-Manchester-City,
ENG-Premier League,2223,2022-10-16 Manchester United-Newcastle,2022-10-16 14:00:00,Manchester United,Newcastle,1640780,https://www.whoscored.com/Matches/1640780/Live/England-Premier-League-2022-2023-Manchester-United-Newcastle,
ENG-Premier League,2223,2022-10-16 Southampton-West Ham,2022-10-16 14:00:00,Southampton,West Ham,1640781,https://www.whoscored.com/Matches/1640781/Live/England-Premier-League-2022-2023-Southampton-West-Ham,
ENG-Premier League,2223,2022-10-18 Brighton-Nottingham Forest,2022-10-18 19:30:00,Brighton,Nottingham Forest,1640787,https://www.whoscored.com/Matches/1640787/Live/England-Premier-League-2022-2023-Brighton-Nottingham-Forest,
ENG-Premier League,2223,2022-10-18 Crystal Palace-Wolves,2022-10-18 20:15:00,Crystal Palace,Wolves,1640790,https://www.whoscored.com/Matches/1640790/Live/England-Premier-League-2022-2023-Crystal-Palace-Wolves,
ENG-Premier League,2223,2022-10-19 Bournemouth-Southampton,2022-10-19 19:30:00,Bournemouth,Southampton,1640785,https://www.whoscored.com/Matches/1640785/Live/England-Premier-League-2022-2023-Bournemouth-Southampton,
ENG-Premier League,2223,2022-10-19 Brentford-Chelsea,2022-10-19 19:30:00,Brentford,Chelsea,1640786,https://www.whoscored.com/Matches/1640786/Live/England-Premier-League-2022-2023-Brentford-Chelsea,
ENG-Premier League,2223,2022-10-19 Liverpool-West Ham,2022-10-19 19:30:00,Liverpool,West Ham,1640792,https://www.whoscored.com/Matches/1640792/Live/England-Premier-League-2022-2023-Liverpool-West-Ham,
ENG-Premier League,2223,2022-10-19 Manchester United-Tottenham,2022-10-19 20:15:00,Manchester United,Tottenham,1640793,https://www.whoscored.com/Matches/1640793/Live/England-Premier-League-2022-2023-Manchester-United-Tottenham,
ENG-Premier League,2223,2022-10-19 Newcastle-Everton,2022-10-19 19:30:00,Newcastle,Everton,1640791,https://www.whoscored.com/Matches/1640791/Live/England-Premier-League-2022-2023-Newcastle-Everton,
ENG-Premier League,2223,2022-10-20 Fulham-Aston Villa,2022-10-20 19:30:00,Fulham,Aston Villa,1640788,https://www.whoscored.com/Matches/1640788/Live/England-Premier-League-2022-2023-Fulham-Aston-Villa,
ENG-Premier League,2223,2022-10-20 Leicester-Leeds,2022-10-20 20:15:00,Leicester,Leeds,1640789,https://www.whoscored.com/Matches/1640789/Live/England-Premier-League-2022-2023-Leicester-Leeds,
ENG-Premier League,2223,2022-10-22 Chelsea-Manchester United,2022-10-22 17:30:00,Chelsea,Manchester United,1640795,https://www.whoscored.com/Matches/1640795/Live/England-Premier-League-2022-2023-Chelsea-Manchester-United,
ENG-Premier League,2223,2022-10-22 Everton-Crystal Palace,2022-10-22 15:00:00,Everton,Crystal Palace,1640796,https://www.whoscored.com/Matches/1640796/Live/England-Premier-League-2022-2023-Everton-Crystal-Palace,
ENG-Premier League,2223,2022-10-22 Manchester City-Brighton,2022-10-22 15:00:00,Manchester City,Brighton,1640798,https://www.whoscored.com/Matches/1640798/Live/England-Premier-League-2022-2023-Manchester-City-Brighton,
ENG-Premier League,2223,2022-10-22 Nottingham Forest-Liverpool,2022-10-22 12:30:00,Nottingham Forest,Liverpool,1640799,https://www.whoscored.com/Matches/1640799/Live/England-Premier-League-2022-2023-Nottingham-Forest-Liverpool,
ENG-Premier League,2223,2022-10-23 Aston Villa-Brentford,2022-10-23 14:00:00,Aston Villa,Brentford,1640794,https://www.whoscored.com/Matches/1640794/Live/England-Premier-League-2022-2023-Aston-Villa-Brentford,
ENG-Premier League,2223,2022-10-23 Leeds-Fulham,2022-10-23 14:00:00,Leeds,Fulham,1640797,https://www.whoscored.com/Matches/1640797/Live/England-Premier-League-2022-2023-Leeds-Fulham,
ENG-Premier League,2223,2022-10-23 Southampton-Arsenal,2022-10-23 14:00:00,Southampton,Arsenal,1640800,https://www.whoscored.com/Matches/1640800/Live/England-Premier-League-2022-2023-Southampton-Arsenal,
ENG-Premier League,2223,2022-10-23 Tottenham-Newcastle,2022-10-23 16:30:00,Tottenham,Newcastle,1640801,https://www.whoscored.com/Matches/1640801/Live/England-Premier-League-2022-2023-Tottenham-Newcastle,
ENG-Premier League,2223,2022-10-23 Wolves-Leicester,2022-10-23 14:00:00,Wolves,Leicester,1640803,https://www.whoscored.com/Matches/1640803/Live/England-Premier-League-2022-2023-Wolves-Leicester,
ENG-Premier League,2223,2022-10-24 West Ham-Bournemouth,2022-10-24 20:00:00,West Ham,Bournemouth,1640802,https://www.whoscored.com/Matches/1640802/Live/England-Premier-League-2022-2023-West-Ham-Bournemouth,
ENG-Premier League,2223,2022-10-29 Bournemouth-Tottenham,2022-10-29 15:00:00,Bournemouth,Tottenham,1640805,https://www.whoscored.com/Matches/1640805/Live/England-Premier-League-2022-2023-Bournemouth-Tottenham,
ENG-Premier League,2223,2022-10-29 Brentford-Wolves,2022-10-29 15:00:00,Brentford,Wolves,1640806,https://www.whoscored.com/Matches/1640806/Live/England-Premier-League-2022-2023-Brentford-Wolves,
ENG-Premier League,2223,2022-10-29 Brighton-Chelsea,2022-10-29 15:00:00,Brighton,Chelsea,1640807,https://www.whoscored.com/Matches/1640807/Live/England-Premier-League-2022-2023-Brighton-Chelsea,
ENG-Premier League,2223,2022-10-29 Crystal Palace-Southampton,2022-10-29 15:00:00,Crystal Palace,Southampton,1640808,https://www.whoscored.com/Matches/1640808/Live/England-Premier-League-2022-2023-Crystal-Palace-Southampton,
ENG-Premier League,2223,2022-10-29 Fulham-Everton,2022-10-29 17:30:00,Fulham,Everton,1640809,https://www.whoscored.com/Matches/1640809/Live/England-Premier-League-2022-2023-Fulham-Everton,
ENG-Premier League,2223,2022-10-29 Leicester-Manchester City,2022-10-29 12:30:00,Leicester,Manchester City,1640810,https://www.whoscored.com/Matches/1640810/Live/England-Premier-League-2022-2023-Leicester-Manchester-City,
ENG-Premier League,2223,2022-10-29 Liverpool-Leeds,2022-10-29 19:45:00,Liverpool,Leeds,1640811,https://www.whoscored.com/Matches/1640811/Live/England-Premier-League-2022-2023-Liverpool-Leeds,
ENG-Premier League,2223,2022-10-29 Newcastle-Aston Villa,2022-10-29 15:00:00,Newcastle,Aston Villa,1640813,https://www.whoscored.com/Matches/1640813/Live/England-Premier-League-2022-2023-Newcastle-Aston-Villa,
ENG-Premier League,2223,2022-10-30 Arsenal-Nottingham Forest,2022-10-30 14:00:00,Arsenal,Nottingham Forest,1640804,https://www.whoscored.com/Matches/1640804/Live/England-Premier-League-2022-2023-Arsenal-Nottingham-Forest,
ENG-Premier League,2223,2022-10-30 Manchester United-West Ham,2022-10-30 16:15:00,Manchester United,West Ham,1640812,https://www.whoscored.com/Matches/1640812/Live/England-Premier-League-2022-2023-Manchester-United-West-Ham,
ENG-Premier League,2223,2022-11-05 Everton-Leicester,2022-11-05 17:30:00,Everton,Leicester,1640816,https://www.whoscored.com/Matches/1640816/Live/England-Premier-League-2022-2023-Everton-Leicester,
ENG-Premier League,2223,2022-11-05 Leeds-Bournemouth,2022-11-05 15:00:00,Leeds,Bournemouth,1640817,https://www.whoscored.com/Matches/1640817/Live/England-Premier-League-2022-2023-Leeds-Bournemouth,
ENG-Premier League,2223,2022-11-05 Manchester City-Fulham,2022-11-05 15:00:00,Manchester City,Fulham,1640818,https://www.whoscored.com/Matches/1640818/Live/England-Premier-League-2022-2023-Manchester-City-Fulham,
ENG-Premier League,2223,2022-11-05 Nottingham Forest-Brentford,2022-11-05 15:00:00,Nottingham Forest,Brentford,1640819,https://www.whoscored.com/Matches/1640819/Live/England-Premier-League-2022-2023-Nottingham-Forest-Brentford,
ENG-Premier League,2223,2022-11-05 Wolves-Brighton,2022-11-05 15:00:00,Wolves,Brighton,1640823,https://www.whoscored.com/Matches/1640823/Live/England-Premier-League-2022-2023-Wolves-Brighton,
ENG-Premier League,2223,2022-11-06 Aston Villa-Manchester United,2022-11-06 14:00:00,Aston Villa,Manchester United,1640814,https://www.whoscored.com/Matches/1640814/Live/England-Premier-League-2022-2023-Aston-Villa-Manchester-United,
ENG-Premier League,2223,2022-11-06 Chelsea-Arsenal,2022-11-06 12:00:00,Chelsea,Arsenal,1640815,https://www.whoscored.com/Matches/1640815/Live/England-Premier-League-2022-2023-Chelsea-Arsenal,
ENG-Premier League,2223,2022-11-06 Southampton-Newcastle,2022-11-06 14:00:00,Southampton,Newcastle,1640820,https://www.whoscored.com/Matches/1640820/Live/England-Premier-League-2022-2023-Southampton-Newcastle,
ENG-Premier League,2223,2022-11-06 Tottenham-Liverpool,2022-11-06 16:30:00,Tottenham,Liverpool,1640821,https://www.whoscored.com/Matches/1640821/Live/England-Premier-League-2022-2023-Tottenham-Liverpool,
ENG-Premier League,2223,2022-11-06 West Ham-Crystal Palace,2022-11-06 14:00:00,West Ham,Crystal Palace,1640822,https://www.whoscored.com/Matches/1640822/Live/England-Premier-League-2022-2023-West-Ham-Crystal-Palace,
ENG-Premier League,2223,2022-11-12 Bournemouth-Everton,2022-11-12 15:00:00,Bournemouth,Everton,1640824,https://www.whoscored.com/Matches/1640824/Live/England-Premier-League-2022-2023-Bournemouth-Everton,
ENG-Premier League,2223,2022-11-12 Liverpool-Southampton,2022-11-12 15:00:00,Liverpool,Southampton,1640827,https://www.whoscored.com/Matches/1640827/Live/England-Premier-League-2022-2023-Liverpool-Southampton,
ENG-Premier League,2223,2022-11-12 Manchester City-Brentford,2022-11-12 12:30:00,Manchester City,Brentford,1640828,https://www.whoscored.com/Matches/1640828/Live/England-Premier-League-2022-2023-Manchester-City-Brentford,
ENG-Premier League,2223,2022-11-12 Newcastle-Chelsea,2022-11-12 17:30:00,Newcastle,Chelsea,1640829,https://www.whoscored.com/Matches/1640829/Live/England-Premier-League-2022-2023-Newcastle-Chelsea,
ENG-Premier League,2223,2022-11-12 Nottingham Forest-Crystal Palace,2022-11-12 15:00:00,Nottingham Forest,Crystal Palace,1640830,https://www.whoscored.com/Matches/1640830/Live/England-Premier-League-2022-2023-Nottingham-Forest-Crystal-Palace,
ENG-Premier League,2223,2022-11-12 Tottenham-Leeds,2022-11-12 15:00:00,Tottenham,Leeds,1640831,https://www.whoscored.com/Matches/1640831/Live/England-Premier-League-2022-2023-Tottenham-Leeds,
ENG-Premier League,2223,2022-11-12 West Ham-Leicester,2022-11-12 15:00:00,West Ham,Leicester,1640832,https://www.whoscored.com/Matches/1640832/Live/England-Premier-League-2022-2023-West-Ham-Leicester,
ENG-Premier League,2223,2022-11-12 Wolves-Arsenal,2022-11-12 19:45:00,Wolves,Arsenal,1640833,https://www.whoscored.com/Matches/1640833/Live/England-Premier-League-2022-2023-Wolves-Arsenal,
ENG-Premier League,2223,2022-11-13 Brighton-Aston Villa,2022-11-13 14:00:00,Brighton,Aston Villa,1640825,https://www.whoscored.com/Matches/1640825/Live/England-Premier-League-2022-2023-Brighton-Aston-Villa,
ENG-Premier League,2223,2022-11-13 Fulham-Manchester United,2022-11-13 16:30:00,Fulham,Manchester United,1640826,https://www.whoscored.com/Matches/1640826/Live/England-Premier-League-2022-2023-Fulham-Manchester-United,
ENG-Premier League,2223,2022-12-26 Arsenal-West Ham,2022-12-26 20:00:00,Arsenal,West Ham,1640834,https://www.whoscored.com/Matches/1640834/Live/England-Premier-League-2022-2023-Arsenal-West-Ham,
ENG-Premier League,2223,2022-12-26 Aston Villa-Liverpool,2022-12-26 17:30:00,Aston Villa,Liverpool,1640835,https://www.whoscored.com/Matches/1640835/Live/England-Premier-League-2022-2023-Aston-Villa-Liverpool,
ENG-Premier League,2223,2022-12-26 Brentford-Tottenham,2022-12-26 12:30:00,Brentford,Tottenham,1640836,https://www.whoscored.com/Matches/1640836/Live/England-Premier-League-2022-2023-Brentford-Tottenham,
ENG-Premier League,2223,2022-12-26 Crystal Palace-Fulham,2022-12-26 15:00:00,Crystal Palace,Fulham,1640838,https://www.whoscored.com/Matches/1640838/Live/England-Premier-League-2022-2023-Crystal-Palace-Fulham,
ENG-Premier League,2223,2022-12-26 Everton-Wolves,2022-12-26 15:00:00,Everton,Wolves,1640839,https://www.whoscored.com/Matches/1640839/Live/England-Premier-League-2022-2023-Everton-Wolves,
ENG-Premier League,2223,2022-12-26 Leicester-Newcastle,2022-12-26 15:00:00,Leicester,Newcastle,1640841,https://www.whoscored.com/Matches/1640841/Live/England-Premier-League-2022-2023-Leicester-Newcastle,
ENG-Premier League,2223,2022-12-26 Southampton-Brighton,2022-12-26 15:00:00,Southampton,Brighton,1640843,https://www.whoscored.com/Matches/1640843/Live/England-Premier-League-2022-2023-Southampton-Brighton,
ENG-Premier League,2223,2022-12-27 Chelsea-Bournemouth,2022-12-27 17:30:00,Chelsea,Bournemouth,1640837,https://www.whoscored.com/Matches/1640837/Live/England-Premier-League-2022-2023-Chelsea-Bournemouth,
ENG-Premier League,2223,2022-12-27 Manchester United-Nottingham Forest,2022-12-27 20:00:00,Manchester United,Nottingham Forest,1640842,https://www.whoscored.com/Matches/1640842/Live/England-Premier-League-2022-2023-Manchester-United-Nottingham-Forest,
ENG-Premier League,2223,2022-12-28 Leeds-Manchester City,2022-12-28 20:00:00,Leeds,Manchester City,1640840,https://www.whoscored.com/Matches/1640840/Live/England-Premier-League-2022-2023-Leeds-Manchester-City,
ENG-Premier League,2223,2022-12-30 Liverpool-Leicester,2022-12-30 20:00:00,Liverpool,Leicester,1640847,https://www.whoscored.com/Matches/1640847/Live/England-Premier-League-2022-2023-Liverpool-Leicester,
ENG-Premier League,2223,2022-12-30 West Ham-Brentford,2022-12-30 19:45:00,West Ham,Brentford,1640852,https://www.whoscored.com/Matches/1640852/Live/England-Premier-League-2022-2023-West-Ham-Brentford,
ENG-Premier League,2223,2022-12-31 Bournemouth-Crystal Palace,2022-12-31 15:00:00,Bournemouth,Crystal Palace,1640844,https://www.whoscored.com/Matches/1640844/Live/England-Premier-League-2022-2023-Bournemouth-Crystal-Palace,
ENG-Premier League,2223,2022-12-31 Brighton-Arsenal,2022-12-31 17:30:00,Brighton,Arsenal,1640845,https://www.whoscored.com/Matches/1640845/Live/England-Premier-League-2022-2023-Brighton-Arsenal,
ENG-Premier League,2223,2022-12-31 Fulham-Southampton,2022-12-31 15:00:00,Fulham,Southampton,1640846,https://www.whoscored.com/Matches/1640846/Live/England-Premier-League-2022-2023-Fulham-Southampton,
ENG-Premier League,2223,2022-12-31 Manchester City-Everton,2022-12-31 15:00:00,Manchester City,Everton,1640848,https://www.whoscored.com/Matches/1640848/Live/England-Premier-League-2022-2023-Manchester-City-Everton,
ENG-Premier League,2223,2022-12-31 Newcastle-Leeds,2022-12-31 15:00:00,Newcastle,Leeds,1640849,https://www.whoscored.com/Matches/1640849/Live/England-Premier-League-2022-2023-Newcastle-Leeds,
ENG-Premier League,2223,2022-12-31 Wolves-Manchester United,2022-12-31 12:30:00,Wolves,Manchester United,1640853,https://www.whoscored.com/Matches/1640853/Live/England-Premier-League-2022-2023-Wolves-Manchester-United,
ENG-Premier League,2223,2023-01-01 Nottingham Forest-Chelsea,2023-01-01 16:30:00,Nottingham Forest,Chelsea,1640850,https://www.whoscored.com/Matches/1640850/Live/England-Premier-League-2022-2023-Nottingham-Forest-Chelsea,
ENG-Premier League,2223,2023-01-01 Tottenham-Aston Villa,2023-01-01 14:00:00,Tottenham,Aston Villa,1640851,https://www.whoscored.com/Matches/1640851/Live/England-Premier-League-2022-2023-Tottenham-Aston-Villa,
ENG-Premier League,2223,2023-01-02 Brentford-Liverpool,2023-01-02 17:30:00,Brentford,Liverpool,1640856,https://www.whoscored.com/Matches/1640856/Live/England-Premier-League-2022-2023-Brentford-Liverpool,
ENG-Premier League,2223,2023-01-03 Arsenal-Newcastle,2023-01-03 19:45:00,Arsenal,Newcastle,1640854,https://www.whoscored.com/Matches/1640854/Live/England-Premier-League-2022-2023-Arsenal-Newcastle,
ENG-Premier League,2223,2023-01-03 Everton-Brighton,2023-01-03 19:45:00,Everton,Brighton,1640859,https://www.whoscored.com/Matches/1640859/Live/England-Premier-League-2022-2023-Everton-Brighton,
ENG-Premier League,2223,2023-01-03 Leicester-Fulham,2023-01-03 19:45:00,Leicester,Fulham,1640861,https://www.whoscored.com/Matches/1640861/Live/England-Premier-League-2022-2023-Leicester-Fulham,
ENG-Premier League,2223,2023-01-03 Manchester United-Bournemouth,2023-01-03 20:00:00,Manchester United,Bournemouth,1640862,https://www.whoscored.com/Matches/1640862/Live/England-Premier-League-2022-2023-Manchester-United-Bournemouth,
ENG-Premier League,2223,2023-01-04 Aston Villa-Wolves,2023-01-04 20:00:00,Aston Villa,Wolves,1640855,https://www.whoscored.com/Matches/1640855/Live/England-Premier-League-2022-2023-Aston-Villa-Wolves,
ENG-Premier League,2223,2023-01-04 Crystal Palace-Tottenham,2023-01-04 20:00:00,Crystal Palace,Tottenham,1640858,https://www.whoscored.com/Matches/1640858/Live/England-Premier-League-2022-2023-Crystal-Palace-Tottenham,
ENG-Premier League,2223,2023-01-04 Leeds-West Ham,2023-01-04 19:45:00,Leeds,West Ham,1640860,https://www.whoscored.com/Matches/1640860/Live/England-Premier-League-2022-2023-Leeds-West-Ham,
ENG-Premier League,2223,2023-01-04 Southampton-Nottingham Forest,2023-01-04 19:30:00,Southampton,Nottingham Forest,1640863,https://www.whoscored.com/Matches/1640863/Live/England-Premier-League-2022-2023-Southampton-Nottingham-Forest,
ENG-Premier League,2223,2023-01-05 Chelsea-Manchester City,2023-01-05 20:00:00,Chelsea,Manchester City,1640857,https://www.whoscored.com/Matches/1640857/Live/England-Premier-League-2022-2023-Chelsea-Manchester-City,
ENG-Premier League,2223,2023-01-12 Fulham-Chelsea,2023-01-12 20:00:00,Fulham,Chelsea,1640737,https://www.whoscored.com/Matches/1640737/Live/England-Premier-League-2022-2023-Fulham-Chelsea,
ENG-Premier League,2223,2023-01-13 Aston Villa-Leeds,2023-01-13 20:00:00,Aston Villa,Leeds,1640864,https://www.whoscored.com/Matches/1640864/Live/England-Premier-League-2022-2023-Aston-Villa-Leeds,
ENG-Premier League,2223,2023-01-14 Brentford-Bournemouth,2023-01-14 17:30:00,Brentford,Bournemouth,1640865,https://www.whoscored.com/Matches/1640865/Live/England-Premier-League-2022-2023-Brentford-Bournemouth,
ENG-Premier League,2223,2023-01-14 Brighton-Liverpool,2023-01-14 15:00:00,Brighton,Liverpool,1640866,https://www.whoscored.com/Matches/1640866/Live/England-Premier-League-2022-2023-Brighton-Liverpool,
ENG-Premier League,2223,2023-01-14 Everton-Southampton,2023-01-14 15:00:00,Everton,Southampton,1640868,https://www.whoscored.com/Matches/1640868/Live/England-Premier-League-2022-2023-Everton-Southampton,
ENG-Premier League,2223,2023-01-14 Manchester United-Manchester City,2023-01-14 12:30:00,Manchester United,Manchester City,1640869,https://www.whoscored.com/Matches/1640869/Live/England-Premier-League-2022-2023-Manchester-United-Manchester-City,
ENG-Premier League,2223,2023-01-14 Nottingham Forest-Leicester,2023-01-14 15:00:00,Nottingham Forest,Leicester,1640871,https://www.whoscored.com/Matches/1640871/Live/England-Premier-League-2022-2023-Nottingham-Forest-Leicester,
ENG-Premier League,2223,2023-01-14 Wolves-West Ham,2023-01-14 15:00:00,Wolves,West Ham,1640873,https://www.whoscored.com/Matches/1640873/Live/England-Premier-League-2022-2023-Wolves-West-Ham,
ENG-Premier League,2223,2023-01-15 Chelsea-Crystal Palace,2023-01-15 14:00:00,Chelsea,Crystal Palace,1640867,https://www.whoscored.com/Matches/1640867/Live/England-Premier-League-2022-2023-Chelsea-Crystal-Palace,
ENG-Premier League,2223,2023-01-15 Newcastle-Fulham,2023-01-15 14:00:00,Newcastle,Fulham,1640870,https://www.whoscored.com/Matches/1640870/Live/England-Premier-League-2022-2023-Newcastle-Fulham,
ENG-Premier League,2223,2023-01-15 Tottenham-Arsenal,2023-01-15 16:30:00,Tottenham,Arsenal,1640872,https://www.whoscored.com/Matches/1640872/Live/England-Premier-League-2022-2023-Tottenham-Arsenal,
ENG-Premier League,2223,2023-01-18 Crystal Palace-Manchester United,2023-01-18 20:00:00,Crystal Palace,Manchester United,1640736,https://www.whoscored.com/Matches/1640736/Live/England-Premier-League-2022-2023-Crystal-Palace-Manchester-United,
ENG-Premier League,2223,2023-01-19 Manchester City-Tottenham,2023-01-19 20:00:00,Manchester City,Tottenham,1640741,https://www.whoscored.com/Matches/1640741/Live/England-Premier-League-2022-2023-Manchester-City-Tottenham,
ENG-Premier League,2223,2023-01-21 Bournemouth-Nottingham Forest,2023-01-21 15:00:00,Bournemouth,Nottingham Forest,1640878,https://www.whoscored.com/Matches/1640878/Live/England-Premier-League-2022-2023-Bournemouth-Nottingham-Forest,
ENG-Premier League,2223,2023-01-21 Crystal Palace-Newcastle,2023-01-21 17:30:00,Crystal Palace,Newcastle,1640880,https://www.whoscored.com/Matches/1640880/Live/England-Premier-League-2022-2023-Crystal-Palace-Newcastle,
ENG-Premier League,2223,2023-01-21 Leicester-Brighton,2023-01-21 15:00:00,Leicester,Brighton,1640886,https://www.whoscored.com/Matches/1640886/Live/England-Premier-League-2022-2023-Leicester-Brighton,
ENG-Premier League,2223,2023-01-21 Liverpool-Chelsea,2023-01-21 12:30:00,Liverpool,Chelsea,1640888,https://www.whoscored.com/Matches/1640888/Live/England-Premier-League-2022-2023-Liverpool-Chelsea,
ENG-Premier League,2223,2023-01-21 Southampton-Aston Villa,2023-01-21 15:00:00,Southampton,Aston Villa,1640892,https://www.whoscored.com/Matches/1640892/Live/England-Premier-League-2022-2023-Southampton-Aston-Villa,
ENG-Premier League,2223,2023-01-21 West Ham-Everton,2023-01-21 15:00:00,West Ham,Everton,1640894,https://www.whoscored.com/Matches/1640894/Live/England-Premier-League-2022-2023-West-Ham-Everton,
ENG-Premier League,2223,2023-01-22 Arsenal-Manchester United,2023-01-22 16:30:00,Arsenal,Manchester United,1640876,https://www.whoscored.com/Matches/1640876/Live/England-Premier-League-2022-2023-Arsenal-Manchester-United,
ENG-Premier League,2223,2023-01-22 Leeds-Brentford,2023-01-22 14:00:00,Leeds,Brentford,1640884,https://www.whoscored.com/Matches/1640884/Live/England-Premier-League-2022-2023-Leeds-Brentford,
ENG-Premier League,2223,2023-01-22 Manchester City-Wolves,2023-01-22 14:00:00,Manchester City,Wolves,1640890,https://www.whoscored.com/Matches/1640890/Live/England-Premier-League-2022-2023-Manchester-City-Wolves,
ENG-Premier League,2223,2023-01-23 Fulham-Tottenham,2023-01-23 20:15:00,Fulham,Tottenham,1640882,https://www.whoscored.com/Matches/1640882/Live/England-Premier-League-2022-2023-Fulham-Tottenham,
ENG-Premier League,2223,2023-02-03 Chelsea-Fulham,2023-02-03 20:00:00,Chelsea,Fulham,1640902,https://www.whoscored.com/Matches/1640902/Live/England-Premier-League-2022-2023-Chelsea-Fulham,
ENG-Premier League,2223,2023-02-04 Aston Villa-Leicester,2023-02-04 15:00:00,Aston Villa,Leicester,1640896,https://www.whoscored.com/Matches/1640896/Live/England-Premier-League-2022-2023-Aston-Villa-Leicester,
ENG-Premier League,2223,2023-02-04 Brentford-Southampton,2023-02-04 15:00:00,Brentford,Southampton,1640898,https://www.whoscored.com/Matches/1640898/Live/England-Premier-League-2022-2023-Brentford-Southampton,
ENG-Premier League,2223,2023-02-04 Brighton-Bournemouth,2023-02-04 15:00:00,Brighton,Bournemouth,1640900,https://www.whoscored.com/Matches/1640900/Live/England-Premier-League-2022-2023-Brighton-Bournemouth,
ENG-Premier League,2223,2023-02-04 Everton-Arsenal,2023-02-04 12:30:00,Everton,Arsenal,1640904,https://www.whoscored.com/Matches/1640904/Live/England-Premier-League-2022-2023-Everton-Arsenal,
ENG-Premier League,2223,2023-02-04 Manchester United-Crystal Palace,2023-02-04 15:00:00,Manchester United,Crystal Palace,1640906,https://www.whoscored.com/Matches/1640906/Live/England-Premier-League-2022-2023-Manchester-United-Crystal-Palace,
ENG-Premier League,2223,2023-02-04 Newcastle-West Ham,2023-02-04 17:30:00,Newcastle,West Ham,1640908,https://www.whoscored.com/Matches/1640908/Live/England-Premier-League-2022-2023-Newcastle-West-Ham,
ENG-Premier League,2223,2023-02-04 Wolves-Liverpool,2023-02-04 15:00:00,Wolves,Liverpool,1640914,https://www.whoscored.com/Matches/1640914/Live/England-Premier-League-2022-2023-Wolves-Liverpool,
ENG-Premier League,2223,2023-02-05 Nottingham Forest-Leeds,2023-02-05 14:00:00,Nottingham Forest,Leeds,1640910,https://www.whoscored.com/Matches/1640910/Live/England-Premier-League-2022-2023-Nottingham-Forest-Leeds,
ENG-Premier League,2223,2023-02-05 Tottenham-Manchester City,2023-02-05 16:30:00,Tottenham,Manchester City,1640912,https://www.whoscored.com/Matches/1640912/Live/England-Premier-League-2022-2023-Tottenham-Manchester-City,
ENG-Premier League,2223,2023-02-08 Manchester United-Leeds,2023-02-08 20:00:00,Manchester United,Leeds,1640749,https://www.whoscored.com/Matches/1640749/Live/England-Premier-League-2022-2023-Manchester-United-Leeds,
ENG-Premier League,2223,2023-02-11 Arsenal-Brentford,2023-02-11 15:00:00,Arsenal,Brentford,1640916,https://www.whoscored.com/Matches/1640916/Live/England-Premier-League-2022-2023-Arsenal-Brentford,
ENG-Premier League,2223,2023-02-11 Bournemouth-Newcastle,2023-02-11 17:30:00,Bournemouth,Newcastle,1640918,https://www.whoscored.com/Matches/1640918/Live/England-Premier-League-2022-2023-Bournemouth-Newcastle,
ENG-Premier League,2223,2023-02-11 Crystal Palace-Brighton,2023-02-11 15:00:00,Crystal Palace,Brighton,1640920,https://www.whoscored.com/Matches/1640920/Live/England-Premier-League-2022-2023-Crystal-Palace-Brighton,
ENG-Premier League,2223,2023-02-11 Fulham-Nottingham Forest,2023-02-11 15:00:00,Fulham,Nottingham Forest,1640922,https://www.whoscored.com/Matches/1640922/Live/England-Premier-League-2022-2023-Fulham-Nottingham-Forest,
ENG-Premier League,2223,2023-02-11 Leicester-Tottenham,2023-02-11 15:00:00,Leicester,Tottenham,1640926,https://www.whoscored.com/Matches/1640926/Live/England-Premier-League-2022-2023-Leicester-Tottenham,
ENG-Premier League,2223,2023-02-11 Southampton-Wolves,2023-02-11 15:00:00,Southampton,Wolves,1640932,https://www.whoscored.com/Matches/1640932/Live/England-Premier-League-2022-2023-Southampton-Wolves,
ENG-Premier League,2223,2023-02-11 West Ham-Chelsea,2023-02-11 12:30:00,West Ham,Chelsea,1640934,https://www.whoscored.com/Matches/1640934/Live/England-Premier-League-2022-2023-West-Ham-Chelsea,
ENG-Premier League,2223,2023-02-12 Leeds-Manchester United,2023-02-12 14:00:00,Leeds,Manchester United,1640924,https://www.whoscored.com/Matches/1640924/Live/England-Premier-League-2022-2023-Leeds-Manchester-United,
ENG-Premier League,2223,2023-02-12 Manchester City-Aston Villa,2023-02-12 16:30:00,Manchester City,Aston Villa,1640930,https://www.whoscored.com/Matches/1640930/Live/England-Premier-League-2022-2023-Manchester-City-Aston-Villa,
ENG-Premier League,2223,2023-02-13 Liverpool-Everton,2023-02-13 20:00:00,Liverpool,Everton,1640928,https://www.whoscored.com/Matches/1640928/Live/England-Premier-League-2022-2023-Liverpool-Everton,
ENG-Premier League,2223,2023-02-15 Arsenal-Manchester City,2023-02-15 19:30:00,Arsenal,Manchester City,1640784,https://www.whoscored.com/Matches/1640784/Live/England-Premier-League-2022-2023-Arsenal-Manchester-City,
ENG-Premier League,2223,2023-02-18 Aston Villa-Arsenal,2023-02-18 12:30:00,Aston Villa,Arsenal,1640936,https://www.whoscored.com/Matches/1640936/Live/England-Premier-League-2022-2023-Aston-Villa-Arsenal,
ENG-Premier League,2223,2023-02-18 Brentford-Crystal Palace,2023-02-18 15:00:00,Brentford,Crystal Palace,1640938,https://www.whoscored.com/Matches/1640938/Live/England-Premier-League-2022-2023-Brentford-Crystal-Palace,
ENG-Premier League,2223,2023-02-18 Brighton-Fulham,2023-02-18 15:00:00,Brighton,Fulham,1640940,https://www.whoscored.com/Matches/1640940/Live/England-Premier-League-2022-2023-Brighton-Fulham,
ENG-Premier League,2223,2023-02-18 Chelsea-Southampton,2023-02-18 15:00:00,Chelsea,Southampton,1640942,https://www.whoscored.com/Matches/1640942/Live/England-Premier-League-2022-2023-Chelsea-Southampton,
ENG-Premier League,2223,2023-02-18 Everton-Leeds,2023-02-18 15:00:00,Everton,Leeds,1640944,https://www.whoscored.com/Matches/1640944/Live/England-Premier-League-2022-2023-Everton-Leeds,
ENG-Premier League,2223,2023-02-18 Newcastle-Liverpool,2023-02-18 17:30:00,Newcastle,Liverpool,1640948,https://www.whoscored.com/Matches/1640948/Live/England-Premier-League-2022-2023-Newcastle-Liverpool,
ENG-Premier League,2223,2023-02-18 Nottingham Forest-Manchester City,2023-02-18 15:00:00,Nottingham Forest,Manchester City,1640950,https://www.whoscored.com/Matches/1640950/Live/England-Premier-League-2022-2023-Nottingham-Forest-Manchester-City,
ENG-Premier League,2223,2023-02-18 Wolves-Bournemouth,2023-02-18 15:00:00,Wolves,Bournemouth,1640954,https://www.whoscored.com/Matches/1640954/Live/England-Premier-League-2022-2023-Wolves-Bournemouth,
ENG-Premier League,2223,2023-02-19 Manchester United-Leicester,2023-02-19 14:00:00,Manchester United,Leicester,1640946,https://www.whoscored.com/Matches/1640946/Live/England-Premier-League-2022-2023-Manchester-United-Leicester,
ENG-Premier League,2223,2023-02-19 Tottenham-West Ham,2023-02-19 16:30:00,Tottenham,West Ham,1640952,https://www.whoscored.com/Matches/1640952/Live/England-Premier-League-2022-2023-Tottenham-West-Ham,
ENG-Premier League,2223,2023-02-24 Fulham-Wolves,2023-02-24 20:00:00,Fulham,Wolves,1640962,https://www.whoscored.com/Matches/1640962/Live/England-Premier-League-2022-2023-Fulham-Wolves,
ENG-Premier League,2223,2023-02-25 Bournemouth-Manchester City,2023-02-25 17:30:00,Bournemouth,Manchester City,1640956,https://www.whoscored.com/Matches/1640956/Live/England-Premier-League-2022-2023-Bournemouth-Manchester-City,
ENG-Premier League,2223,2023-02-25 Crystal Palace-Liverpool,2023-02-25 19:45:00,Crystal Palace,Liverpool,1640958,https://www.whoscored.com/Matches/1640958/Live/England-Premier-League-2022-2023-Crystal-Palace-Liverpool,
ENG-Premier League,2223,2023-02-25 Everton-Aston Villa,2023-02-25 15:00:00,Everton,Aston Villa,1640960,https://www.whoscored.com/Matches/1640960/Live/England-Premier-League-2022-2023-Everton-Aston-Villa,
ENG-Premier League,2223,2023-02-25 Leeds-Southampton,2023-02-25 15:00:00,Leeds,Southampton,1640964,https://www.whoscored.com/Matches/1640964/Live/England-Premier-League-2022-2023-Leeds-Southampton,
ENG-Premier League,2223,2023-02-25 Leicester-Arsenal,2023-02-25 15:00:00,Leicester,Arsenal,1640966,https://www.whoscored.com/Matches/1640966/Live/England-Premier-League-2022-2023-Leicester-Arsenal,
ENG-Premier League,2223,2023-02-25 West Ham-Nottingham Forest,2023-02-25 15:00:00,West Ham,Nottingham Forest,1640874,https://www.whoscored.com/Matches/1640874/Live/England-Premier-League-2022-2023-West-Ham-Nottingham-Forest,
ENG-Premier League,2223,2023-02-26 Tottenham-Chelsea,2023-02-26 13:30:00,Tottenham,Chelsea,1640972,https://www.whoscored.com/Matches/1640972/Live/England-Premier-League-2022-2023-Tottenham-Chelsea,
ENG-Premier League,2223,2023-03-01 Arsenal-Everton,2023-03-01 19:45:00,Arsenal,Everton,1640734,https://www.whoscored.com/Matches/1640734/Live/England-Premier-League-2022-2023-Arsenal-Everton,
ENG-Premier League,2223,2023-03-01 Liverpool-Wolves,2023-03-01 20:00:00,Liverpool,Wolves,1640740,https://www.whoscored.com/Matches/1640740/Live/England-Premier-League-2022-2023-Liverpool-Wolves,
ENG-Premier League,2223,2023-03-04 Arsenal-Bournemouth,2023-03-04 15:00:00,Arsenal,Bournemouth,1640875,https://www.whoscored.com/Matches/1640875/Live/England-Premier-League-2022-2023-Arsenal-Bournemouth,
ENG-Premier League,2223,2023-03-04 Aston Villa-Crystal Palace,2023-03-04 15:00:00,Aston Villa,Crystal Palace,1640877,https://www.whoscored.com/Matches/1640877/Live/England-Premier-League-2022-2023-Aston-Villa-Crystal-Palace,
ENG-Premier League,2223,2023-03-04 Brighton-West Ham,2023-03-04 15:00:00,Brighton,West Ham,1640881,https://www.whoscored.com/Matches/1640881/Live/England-Premier-League-2022-2023-Brighton-West-Ham,
ENG-Premier League,2223,2023-03-04 Chelsea-Leeds,2023-03-04 15:00:00,Chelsea,Leeds,1640883,https://www.whoscored.com/Matches/1640883/Live/England-Premier-League-2022-2023-Chelsea-Leeds,
ENG-Premier League,2223,2023-03-04 Manchester City-Newcastle,2023-03-04 12:30:00,Manchester City,Newcastle,1640887,https://www.whoscored.com/Matches/1640887/Live/England-Premier-League-2022-2023-Manchester-City-Newcastle,
ENG-Premier League,2223,2023-03-04 Southampton-Leicester,2023-03-04 17:30:00,Southampton,Leicester,1640891,https://www.whoscored.com/Matches/1640891/Live/England-Premier-League-2022-2023-Southampton-Leicester,
ENG-Premier League,2223,2023-03-04 Wolves-Tottenham,2023-03-04 15:00:00,Wolves,Tottenham,1640893,https://www.whoscored.com/Matches/1640893/Live/England-Premier-League-2022-2023-Wolves-Tottenham,
ENG-Premier League,2223,2023-03-05 Liverpool-Manchester United,2023-03-05 16:30:00,Liverpool,Manchester United,1640885,https://www.whoscored.com/Matches/1640885/Live/England-Premier-League-2022-2023-Liverpool-Manchester-United,
ENG-Premier League,2223,2023-03-05 Nottingham Forest-Everton,2023-03-05 14:00:00,Nottingham Forest,Everton,1640889,https://www.whoscored.com/Matches/1640889/Live/England-Premier-League-2022-2023-Nottingham-Forest-Everton,
ENG-Premier League,2223,2023-03-06 Brentford-Fulham,2023-03-06 20:00:00,Brentford,Fulham,1640879,https://www.whoscored.com/Matches/1640879/Live/England-Premier-League-2022-2023-Brentford-Fulham,
ENG-Premier League,2223,2023-03-11 Bournemouth-Liverpool,2023-03-11 12:30:00,Bournemouth,Liverpool,1640895,https://www.whoscored.com/Matches/1640895/Live/England-Premier-League-2022-2023-Bournemouth-Liverpool,
ENG-Premier League,2223,2023-03-11 Crystal Palace-Manchester City,2023-03-11 17:30:00,Crystal Palace,Manchester City,1640897,https://www.whoscored.com/Matches/1640897/Live/England-Premier-League-2022-2023-Crystal-Palace-Manchester-City,
ENG-Premier League,2223,2023-03-11 Everton-Brentford,2023-03-11 15:00:00,Everton,Brentford,1640899,https://www.whoscored.com/Matches/1640899/Live/England-Premier-League-2022-2023-Everton-Brentford,
ENG-Premier League,2223,2023-03-11 Leeds-Brighton,2023-03-11 15:00:00,Leeds,Brighton,1640903,https://www.whoscored.com/Matches/1640903/Live/England-Premier-League-2022-2023-Leeds-Brighton,
ENG-Premier League,2223,2023-03-11 Leicester-Chelsea,2023-03-11 15:00:00,Leicester,Chelsea,1640905,https://www.whoscored.com/Matches/1640905/Live/England-Premier-League-2022-2023-Leicester-Chelsea,
ENG-Premier League,2223,2023-03-11 Tottenham-Nottingham Forest,2023-03-11 15:00:00,Tottenham,Nottingham Forest,1640911,https://www.whoscored.com/Matches/1640911/Live/England-Premier-League-2022-2023-Tottenham-Nottingham-Forest,
ENG-Premier League,2223,2023-03-12 Fulham-Arsenal,2023-03-12 14:00:00,Fulham,Arsenal,1640901,https://www.whoscored.com/Matches/1640901/Live/England-Premier-League-2022-2023-Fulham-Arsenal,
ENG-Premier League,2223,2023-03-12 Manchester United-Southampton,2023-03-12 14:00:00,Manchester United,Southampton,1640907,https://www.whoscored.com/Matches/1640907/Live/England-Premier-League-2022-2023-Manchester-United-Southampton,
ENG-Premier League,2223,2023-03-12 Newcastle-Wolves,2023-03-12 16:30:00,Newcastle,Wolves,1640909,https://www.whoscored.com/Matches/1640909/Live/England-Premier-League-2022-2023-Newcastle-Wolves,
ENG-Premier League,2223,2023-03-12 West Ham-Aston Villa,2023-03-12 14:00:00,West Ham,Aston Villa,1640913,https://www.whoscored.com/Matches/1640913/Live/England-Premier-League-2022-2023-West-Ham-Aston-Villa,
ENG-Premier League,2223,2023-03-15 Brighton-Crystal Palace,2023-03-15 19:30:00,Brighton,Crystal Palace,1640746,https://www.whoscored.com/Matches/1640746/Live/England-Premier-League-2022-2023-Brighton-Crystal-Palace,
ENG-Premier League,2223,2023-03-15 Southampton-Brentford,2023-03-15 19:30:00,Southampton,Brentford,1640742,https://www.whoscored.com/Matches/1640742/Live/England-Premier-League-2022-2023-Southampton-Brentford,
ENG-Premier League,2223,2023-03-17 Nottingham Forest-Newcastle,2023-03-17 20:00:00,Nottingham Forest,Newcastle,1640929,https://www.whoscored.com/Matches/1640929/Live/England-Premier-League-2022-2023-Nottingham-Forest-Newcastle,
ENG-Premier League,2223,2023-03-18 Aston Villa-Bournemouth,2023-03-18 15:00:00,Aston Villa,Bournemouth,1640917,https://www.whoscored.com/Matches/1640917/Live/England-Premier-League-2022-2023-Aston-Villa-Bournemouth,
ENG-Premier League,2223,2023-03-18 Brentford-Leicester,2023-03-18 15:00:00,Brentford,Leicester,1640919,https://www.whoscored.com/Matches/1640919/Live/England-Premier-League-2022-2023-Brentford-Leicester,
ENG-Premier League,2223,2023-03-18 Chelsea-Everton,2023-03-18 17:30:00,Chelsea,Everton,1640923,https://www.whoscored.com/Matches/1640923/Live/England-Premier-League-2022-2023-Chelsea-Everton,
ENG-Premier League,2223,2023-03-18 Southampton-Tottenham,2023-03-18 15:00:00,Southampton,Tottenham,1640931,https://www.whoscored.com/Matches/1640931/Live/England-Premier-League-2022-2023-Southampton-Tottenham,
ENG-Premier League,2223,2023-03-18 Wolves-Leeds,2023-03-18 15:00:00,Wolves,Leeds,1640933,https://www.whoscored.com/Matches/1640933/Live/England-Premier-League-2022-2023-Wolves-Leeds,
ENG-Premier League,2223,2023-03-19 Arsenal-Crystal Palace,2023-03-19 14:00:00,Arsenal,Crystal Palace,1640915,https://www.whoscored.com/Matches/1640915/Live/England-Premier-League-2022-2023-Arsenal-Crystal-Palace,
ENG-Premier League,2223,2023-04-01 Arsenal-Leeds,2023-04-01 15:00:00,Arsenal,Leeds,1640935,https://www.whoscored.com/Matches/1640935/Live/England-Premier-League-2022-2023-Arsenal-Leeds,
ENG-Premier League,2223,2023-04-01 Bournemouth-Fulham,2023-04-01 15:00:00,Bournemouth,Fulham,1640937,https://www.whoscored.com/Matches/1640937/Live/England-Premier-League-2022-2023-Bournemouth-Fulham,
ENG-Premier League,2223,2023-04-01 Brighton-Brentford,2023-04-01 15:00:00,Brighton,Brentford,1640939,https://www.whoscored.com/Matches/1640939/Live/England-Premier-League-2022-2023-Brighton-Brentford,
ENG-Premier League,2223,2023-04-01 Chelsea-Aston Villa,2023-04-01 17:30:00,Chelsea,Aston Villa,1640941,https://www.whoscored.com/Matches/1640941/Live/England-Premier-League-2022-2023-Chelsea-Aston-Villa,
ENG-Premier League,2223,2023-04-01 Crystal Palace-Leicester,2023-04-01 15:00:00,Crystal Palace,Leicester,1640943,https://www.whoscored.com/Matches/1640943/Live/England-Premier-League-2022-2023-Crystal-Palace-Leicester,
ENG-Premier League,2223,2023-04-01 Manchester City-Liverpool,2023-04-01 12:30:00,Manchester City,Liverpool,1640947,https://www.whoscored.com/Matches/1640947/Live/England-Premier-League-2022-2023-Manchester-City-Liverpool,
ENG-Premier League,2223,2023-04-01 Nottingham Forest-Wolves,2023-04-01 15:00:00,Nottingham Forest,Wolves,1640951,https://www.whoscored.com/Matches/1640951/Live/England-Premier-League-2022-2023-Nottingham-Forest-Wolves,
ENG-Premier League,2223,2023-04-02 Newcastle-Manchester United,2023-04-02 16:30:00,Newcastle,Manchester United,1640949,https://www.whoscored.com/Matches/1640949/Live/England-Premier-League-2022-2023-Newcastle-Manchester-United,
ENG-Premier League,2223,2023-04-02 West Ham-Southampton,2023-04-02 14:00:00,West Ham,Southampton,1640953,https://www.whoscored.com/Matches/1640953/Live/England-Premier-League-2022-2023-West-Ham-Southampton,
ENG-Premier League,2223,2023-04-03 Everton-Tottenham,2023-04-03 20:00:00,Everton,Tottenham,1640945,https://www.whoscored.com/Matches/1640945/Live/England-Premier-League-2022-2023-Everton-Tottenham,
ENG-Premier League,2223,2023-04-04 Bournemouth-Brighton,2023-04-04 19:45:00,Bournemouth,Brighton,1640735,https://www.whoscored.com/Matches/1640735/Live/England-Premier-League-2022-2023-Bournemouth-Brighton,
ENG-Premier League,2223,2023-04-04 Chelsea-Liverpool,2023-04-04 20:00:00,Chelsea,Liverpool,1640747,https://www.whoscored.com/Matches/1640747/Live/England-Premier-League-2022-2023-Chelsea-Liverpool,
ENG-Premier League,2223,2023-04-04 Leeds-Nottingham Forest,2023-04-04 19:45:00,Leeds,Nottingham Forest,1640738,https://www.whoscored.com/Matches/1640738/Live/England-Premier-League-2022-2023-Leeds-Nottingham-Forest,
ENG-Premier League,2223,2023-04-04 Leicester-Aston Villa,2023-04-04 19:45:00,Leicester,Aston Villa,1640739,https://www.whoscored.com/Matches/1640739/Live/England-Premier-League-2022-2023-Leicester-Aston-Villa,
ENG-Premier League,2223,2023-04-05 Manchester United-Brentford,2023-04-05 20:00:00,Manchester United,Brentford,1640968,https://www.whoscored.com/Matches/1640968/Live/England-Premier-League-2022-2023-Manchester-United-Brentford,
ENG-Premier League,2223,2023-04-05 West Ham-Newcastle,2023-04-05 20:00:00,West Ham,Newcastle,1640743,https://www.whoscored.com/Matches/1640743/Live/England-Premier-League-2022-2023-West-Ham-Newcastle,
ENG-Premier League,2223,2023-04-08 Aston Villa-Nottingham Forest,2023-04-08 15:00:00,Aston Villa,Nottingham Forest,1640955,https://www.whoscored.com/Matches/1640955/Live/England-Premier-League-2022-2023-Aston-Villa-Nottingham-Forest,
ENG-Premier League,2223,2023-04-08 Brentford-Newcastle,2023-04-08 15:00:00,Brentford,Newcastle,1640957,https://www.whoscored.com/Matches/1640957/Live/England-Premier-League-2022-2023-Brentford-Newcastle,
ENG-Premier League,2223,2023-04-08 Fulham-West Ham,2023-04-08 15:00:00,Fulham,West Ham,1640959,https://www.whoscored.com/Matches/1640959/Live/England-Premier-League-2022-2023-Fulham-West-Ham,
ENG-Premier League,2223,2023-04-08 Leicester-Bournemouth,2023-04-08 15:00:00,Leicester,Bournemouth,1640963,https://www.whoscored.com/Matches/1640963/Live/England-Premier-League-2022-2023-Leicester-Bournemouth,
ENG-Premier League,2223,2023-04-08 Manchester United-Everton,2023-04-08 12:30:00,Manchester United,Everton,1640967,https://www.whoscored.com/Matches/1640967/Live/England-Premier-League-2022-2023-Manchester-United-Everton,
ENG-Premier League,2223,2023-04-08 Southampton-Manchester City,2023-04-08 17:30:00,Southampton,Manchester City,1640969,https://www.whoscored.com/Matches/1640969/Live/England-Premier-League-2022-2023-Southampton-Manchester-City,
ENG-Premier League,2223,2023-04-08 Tottenham-Brighton,2023-04-08 15:00:00,Tottenham,Brighton,1640971,https://www.whoscored.com/Matches/1640971/Live/England-Premier-League-2022-2023-Tottenham-Brighton,
ENG-Premier League,2223,2023-04-08 Wolves-Chelsea,2023-04-08 15:00:00,Wolves,Chelsea,1640973,https://www.whoscored.com/Matches/1640973/Live/England-Premier-League-2022-2023-Wolves-Chelsea,
ENG-Premier League,2223,2023-04-09 Leeds-Crystal Palace,2023-04-09 14:00:00,Leeds,Crystal Palace,1640961,https://www.whoscored.com/Matches/1640961/Live/England-Premier-League-2022-2023-Leeds-Crystal-Palace,
ENG-Premier League,2223,2023-04-09 Liverpool-Arsenal,2023-04-09 16:30:00,Liverpool,Arsenal,1640965,https://www.whoscored.com/Matches/1640965/Live/England-Premier-League-2022-2023-Liverpool-Arsenal,
ENG-Premier League,2223,2023-04-15 Aston Villa-Newcastle,2023-04-15 12:30:00,Aston Villa,Newcastle,1640974,https://www.whoscored.com/Matches/1640974/Live/England-Premier-League-2022-2023-Aston-Villa-Newcastle,
ENG-Premier League,2223,2023-04-15 Chelsea-Brighton,2023-04-15 15:00:00,Chelsea,Brighton,1640975,https://www.whoscored.com/Matches/1640975/Live/England-Premier-League-2022-2023-Chelsea-Brighton,
ENG-Premier League,2223,2023-04-15 Everton-Fulham,2023-04-15 15:00:00,Everton,Fulham,1640976,https://www.whoscored.com/Matches/1640976/Live/England-Premier-League-2022-2023-Everton-Fulham,
ENG-Premier League,2223,2023-04-15 Manchester City-Leicester,2023-04-15 17:30:00,Manchester City,Leicester,1640978,https://www.whoscored.com/Matches/1640978/Live/England-Premier-League-2022-2023-Manchester-City-Leicester,
ENG-Premier League,2223,2023-04-15 Southampton-Crystal Palace,2023-04-15 15:00:00,Southampton,Crystal Palace,1640980,https://www.whoscored.com/Matches/1640980/Live/England-Premier-League-2022-2023-Southampton-Crystal-Palace,
ENG-Premier League,2223,2023-04-15 Tottenham-Bournemouth,2023-04-15 15:15:00,Tottenham,Bournemouth,1640981,https://www.whoscored.com/Matches/1640981/Live/England-Premier-League-2022-2023-Tottenham-Bournemouth,
ENG-Premier League,2223,2023-04-15 Wolves-Brentford,2023-04-15 15:00:00,Wolves,Brentford,1640983,https://www.whoscored.com/Matches/1640983/Live/England-Premier-League-2022-2023-Wolves-Brentford,
ENG-Premier League,2223,2023-04-16 Nottingham Forest-Manchester United,2023-04-16 16:30:00,Nottingham Forest,Manchester United,1640979,https://www.whoscored.com/Matches/1640979/Live/England-Premier-League-2022-2023-Nottingham-Forest-Manchester-United,
ENG-Premier League,2223,2023-04-16 West Ham-Arsenal,2023-04-16 14:00:00,West Ham,Arsenal,1640982,https://www.whoscored.com/Matches/1640982/Live/England-Premier-League-2022-2023-West-Ham-Arsenal,
ENG-Premier League,2223,2023-04-17 Leeds-Liverpool,2023-04-17 20:00:00,Leeds,Liverpool,1640977,https://www.whoscored.com/Matches/1640977/Live/England-Premier-League-2022-2023-Leeds-Liverpool,
ENG-Premier League,2223,2023-04-21 Arsenal-Southampton,2023-04-21 20:00:00,Arsenal,Southampton,1640988,https://www.whoscored.com/Matches/1640988/Live/England-Premier-League-2022-2023-Arsenal-Southampton,
ENG-Premier League,2223,2023-04-22 Brentford-Aston Villa,2023-04-22 15:00:00,Brentford,Aston Villa,1640992,https://www.whoscored.com/Matches/1640992/Live/England-Premier-League-2022-2023-Brentford-Aston-Villa,
ENG-Premier League,2223,2023-04-22 Crystal Palace-Everton,2023-04-22 15:00:00,Crystal Palace,Everton,1640996,https://www.whoscored.com/Matches/1640996/Live/England-Premier-League-2022-2023-Crystal-Palace-Everton,
ENG-Premier League,2223,2023-04-22 Fulham-Leeds,2023-04-22 12:30:00,Fulham,Leeds,1640998,https://www.whoscored.com/Matches/1640998/Live/England-Premier-League-2022-2023-Fulham-Leeds,
ENG-Premier League,2223,2023-04-22 Leicester-Wolves,2023-04-22 15:00:00,Leicester,Wolves,1641000,https://www.whoscored.com/Matches/1641000/Live/England-Premier-League-2022-2023-Leicester-Wolves,
ENG-Premier League,2223,2023-04-22 Liverpool-Nottingham Forest,2023-04-22 15:00:00,Liverpool,Nottingham Forest,1641002,https://www.whoscored.com/Matches/1641002/Live/England-Premier-League-2022-2023-Liverpool-Nottingham-Forest,
ENG-Premier League,2223,2023-04-23 Bournemouth-West Ham,2023-04-23 14:00:00,Bournemouth,West Ham,1640990,https://www.whoscored.com/Matches/1640990/Live/England-Premier-League-2022-2023-Bournemouth-West-Ham,
ENG-Premier League,2223,2023-04-23 Newcastle-Tottenham,2023-04-23 14:00:00,Newcastle,Tottenham,1641006,https://www.whoscored.com/Matches/1641006/Live/England-Premier-League-2022-2023-Newcastle-Tottenham,
ENG-Premier League,2223,2023-04-25 Aston Villa-Fulham,2023-04-25 19:45:00,Aston Villa,Fulham,1641020,https://www.whoscored.com/Matches/1641020/Live/England-Premier-League-2022-2023-Aston-Villa-Fulham,
ENG-Premier League,2223,2023-04-25 Leeds-Leicester,2023-04-25 20:00:00,Leeds,Leicester,1641010,https://www.whoscored.com/Matches/1641010/Live/England-Premier-League-2022-2023-Leeds-Leicester,
ENG-Premier League,2223,2023-04-25 Wolves-Crystal Palace,2023-04-25 19:30:00,Wolves,Crystal Palace,1641018,https://www.whoscored.com/Matches/1641018/Live/England-Premier-League-2022-2023-Wolves-Crystal-Palace,
ENG-Premier League,2223,2023-04-26 Chelsea-Brentford,2023-04-26 19:45:00,Chelsea,Brentford,1641022,https://www.whoscored.com/Matches/1641022/Live/England-Premier-League-2022-2023-Chelsea-Brentford,
ENG-Premier League,2223,2023-04-26 Manchester City-Arsenal,2023-04-26 20:00:00,Manchester City,Arsenal,1641024,https://www.whoscored.com/Matches/1641024/Live/England-Premier-League-2022-2023-Manchester-City-Arsenal,
ENG-Premier League,2223,2023-04-26 Nottingham Forest-Brighton,2023-04-26 19:30:00,Nottingham Forest,Brighton,1641012,https://www.whoscored.com/Matches/1641012/Live/England-Premier-League-2022-2023-Nottingham-Forest-Brighton,
ENG-Premier League,2223,2023-04-26 West Ham-Liverpool,2023-04-26 19:45:00,West Ham,Liverpool,1641016,https://www.whoscored.com/Matches/1641016/Live/England-Premier-League-2022-2023-West-Ham-Liverpool,
ENG-Premier League,2223,2023-04-27 Everton-Newcastle,2023-04-27 19:45:00,Everton,Newcastle,1641008,https://www.whoscored.com/Matches/1641008/Live/England-Premier-League-2022-2023-Everton-Newcastle,
ENG-Premier League,2223,2023-04-27 Southampton-Bournemouth,2023-04-27 19:45:00,Southampton,Bournemouth,1641023,https://www.whoscored.com/Matches/1641023/Live/England-Premier-League-2022-2023-Southampton-Bournemouth,
ENG-Premier League,2223,2023-04-27 Tottenham-Manchester United,2023-04-27 20:15:00,Tottenham,Manchester United,1641014,https://www.whoscored.com/Matches/1641014/Live/England-Premier-League-2022-2023-Tottenham-Manchester-United,
ENG-Premier League,2223,2023-04-29 Brentford-Nottingham Forest,2023-04-29 15:00:00,Brentford,Nottingham Forest,1641027,https://www.whoscored.com/Matches/1641027/Live/England-Premier-League-2022-2023-Brentford-Nottingham-Forest,
ENG-Premier League,2223,2023-04-29 Brighton-Wolves,2023-04-29 15:00:00,Brighton,Wolves,1641028,https://www.whoscored.com/Matches/1641028/Live/England-Premier-League-2022-2023-Brighton-Wolves,
ENG-Premier League,2223,2023-04-29 Crystal Palace-West Ham,2023-04-29 12:30:00,Crystal Palace,West Ham,1641029,https://www.whoscored.com/Matches/1641029/Live/England-Premier-League-2022-2023-Crystal-Palace-West-Ham,
ENG-Premier League,2223,2023-04-30 Bournemouth-Leeds,2023-04-30 14:00:00,Bournemouth,Leeds,1641026,https://www.whoscored.com/Matches/1641026/Live/England-Premier-League-2022-2023-Bournemouth-Leeds,
ENG-Premier League,2223,2023-04-30 Fulham-Manchester City,2023-04-30 14:00:00,Fulham,Manchester City,1641030,https://www.whoscored.com/Matches/1641030/Live/England-Premier-League-2022-2023-Fulham-Manchester-City,
ENG-Premier League,2223,2023-04-30 Liverpool-Tottenham,2023-04-30 16:30:00,Liverpool,Tottenham,1641032,https://www.whoscored.com/Matches/1641032/Live/England-Premier-League-2022-2023-Liverpool-Tottenham,
ENG-Premier League,2223,2023-04-30 Manchester United-Aston Villa,2023-04-30 14:00:00,Manchester United,Aston Villa,1641033,https://www.whoscored.com/Matches/1641033/Live/England-Premier-League-2022-2023-Manchester-United-Aston-Villa,
ENG-Premier League,2223,2023-04-30 Newcastle-Southampton,2023-04-30 14:00:00,Newcastle,Southampton,1641034,https://www.whoscored.com/Matches/1641034/Live/England-Premier-League-2022-2023-Newcastle-Southampton,
ENG-Premier League,2223,2023-05-01 Leicester-Everton,2023-05-01 20:00:00,Leicester,Everton,1641031,https://www.whoscored.com/Matches/1641031/Live/England-Premier-League-2022-2023-Leicester-Everton,
ENG-Premier League,2223,2023-05-02 Arsenal-Chelsea,2023-05-02 20:00:00,Arsenal,Chelsea,1641025,https://www.whoscored.com/Matches/1641025/Live/England-Premier-League-2022-2023-Arsenal-Chelsea,
ENG-Premier League,2223,2023-05-03 Liverpool-Fulham,2023-05-03 20:00:00,Liverpool,Fulham,1640925,https://www.whoscored.com/Matches/1640925/Live/England-Premier-League-2022-2023-Liverpool-Fulham,
ENG-Premier League,2223,2023-05-03 Manchester City-West Ham,2023-05-03 20:00:00,Manchester City,West Ham,1640927,https://www.whoscored.com/Matches/1640927/Live/England-Premier-League-2022-2023-Manchester-City-West-Ham,
ENG-Premier League,2223,2023-05-04 Brighton-Manchester United,2023-05-04 20:00:00,Brighton,Manchester United,1640921,https://www.whoscored.com/Matches/1640921/Live/England-Premier-League-2022-2023-Brighton-Manchester-United,
ENG-Premier League,2223,2023-05-06 Bournemouth-Chelsea,2023-05-06 15:00:00,Bournemouth,Chelsea,1641035,https://www.whoscored.com/Matches/1641035/Live/England-Premier-League-2022-2023-Bournemouth-Chelsea,
ENG-Premier League,2223,2023-05-06 Liverpool-Brentford,2023-05-06 17:30:00,Liverpool,Brentford,1641038,https://www.whoscored.com/Matches/1641038/Live/England-Premier-League-2022-2023-Liverpool-Brentford,
ENG-Premier League,2223,2023-05-06 Manchester City-Leeds,2023-05-06 15:00:00,Manchester City,Leeds,1641039,https://www.whoscored.com/Matches/1641039/Live/England-Premier-League-2022-2023-Manchester-City-Leeds,
ENG-Premier League,2223,2023-05-06 Tottenham-Crystal Palace,2023-05-06 15:00:00,Tottenham,Crystal Palace,1641042,https://www.whoscored.com/Matches/1641042/Live/England-Premier-League-2022-2023-Tottenham-Crystal-Palace,
ENG-Premier League,2223,2023-05-06 Wolves-Aston Villa,2023-05-06 15:00:00,Wolves,Aston Villa,1641044,https://www.whoscored.com/Matches/1641044/Live/England-Premier-League-2022-2023-Wolves-Aston-Villa,
ENG-Premier League,2223,2023-05-07 Newcastle-Arsenal,2023-05-07 16:30:00,Newcastle,Arsenal,1641040,https://www.whoscored.com/Matches/1641040/Live/England-Premier-League-2022-2023-Newcastle-Arsenal,
ENG-Premier League,2223,2023-05-07 West Ham-Manchester United,2023-05-07 19:00:00,West Ham,Manchester United,1641043,https://www.whoscored.com/Matches/1641043/Live/England-Premier-League-2022-2023-West-Ham-Manchester-United,
ENG-Premier League,2223,2023-05-08 Brighton-Everton,2023-05-08 17:30:00,Brighton,Everton,1641036,https://www.whoscored.com/Matches/1641036/Live/England-Premier-League-2022-2023-Brighton-Everton,
ENG-Premier League,2223,2023-05-08 Fulham-Leicester,2023-05-08 15:00:00,Fulham,Leicester,1641037,https://www.whoscored.com/Matches/1641037/Live/England-Premier-League-2022-2023-Fulham-Leicester,
ENG-Premier League,2223,2023-05-08 Nottingham Forest-Southampton,2023-05-08 20:00:00,Nottingham Forest,Southampton,1641041,https://www.whoscored.com/Matches/1641041/Live/England-Premier-League-2022-2023-Nottingham-Forest-Southampton,
ENG-Premier League,2223,2023-05-13 Aston Villa-Tottenham,2023-05-13 15:00:00,Aston Villa,Tottenham,1641046,https://www.whoscored.com/Matches/1641046/Live/England-Premier-League-2022-2023-Aston-Villa-Tottenham,
ENG-Premier League,2223,2023-05-13 Chelsea-Nottingham Forest,2023-05-13 15:00:00,Chelsea,Nottingham Forest,1641048,https://www.whoscored.com/Matches/1641048/Live/England-Premier-League-2022-2023-Chelsea-Nottingham-Forest,
ENG-Premier League,2223,2023-05-13 Crystal Palace-Bournemouth,2023-05-13 15:00:00,Crystal Palace,Bournemouth,1641049,https://www.whoscored.com/Matches/1641049/Live/England-Premier-League-2022-2023-Crystal-Palace-Bournemouth,
ENG-Premier League,2223,2023-05-13 Leeds-Newcastle,2023-05-13 12:30:00,Leeds,Newcastle,1641051,https://www.whoscored.com/Matches/1641051/Live/England-Premier-League-2022-2023-Leeds-Newcastle,
ENG-Premier League,2223,2023-05-13 Manchester United-Wolves,2023-05-13 15:00:00,Manchester United,Wolves,1641053,https://www.whoscored.com/Matches/1641053/Live/England-Premier-League-2022-2023-Manchester-United-Wolves,
ENG-Premier League,2223,2023-05-13 Southampton-Fulham,2023-05-13 15:00:00,Southampton,Fulham,1640984,https://www.whoscored.com/Matches/1640984/Live/England-Premier-League-2022-2023-Southampton-Fulham,
ENG-Premier League,2223,2023-05-14 Arsenal-Brighton,2023-05-14 16:30:00,Arsenal,Brighton,1641045,https://www.whoscored.com/Matches/1641045/Live/England-Premier-League-2022-2023-Arsenal-Brighton,
ENG-Premier League,2223,2023-05-14 Brentford-West Ham,2023-05-14 14:00:00,Brentford,West Ham,1641047,https://www.whoscored.com/Matches/1641047/Live/England-Premier-League-2022-2023-Brentford-West-Ham,
ENG-Premier League,2223,2023-05-14 Everton-Manchester City,2023-05-14 14:00:00,Everton,Manchester City,1641050,https://www.whoscored.com/Matches/1641050/Live/England-Premier-League-2022-2023-Everton-Manchester-City,
ENG-Premier League,2223,2023-05-15 Leicester-Liverpool,2023-05-15 20:00:00,Leicester,Liverpool,1641052,https://www.whoscored.com/Matches/1641052/Live/England-Premier-League-2022-2023-Leicester-Liverpool,
ENG-Premier League,2223,2023-05-18 Newcastle-Brighton,2023-05-18 19:30:00,Newcastle,Brighton,1640970,https://www.whoscored.com/Matches/1640970/Live/England-Premier-League-2022-2023-Newcastle-Brighton,
ENG-Premier League,2223,2023-05-20 Bournemouth-Manchester United,2023-05-20 15:00:00,Bournemouth,Manchester United,1640985,https://www.whoscored.com/Matches/1640985/Live/England-Premier-League-2022-2023-Bournemouth-Manchester-United,
ENG-Premier League,2223,2023-05-20 Fulham-Crystal Palace,2023-05-20 15:00:00,Fulham,Crystal Palace,1640987,https://www.whoscored.com/Matches/1640987/Live/England-Premier-League-2022-2023-Fulham-Crystal-Palace,
ENG-Premier League,2223,2023-05-20 Liverpool-Aston Villa,2023-05-20 15:00:00,Liverpool,Aston Villa,1640989,https://www.whoscored.com/Matches/1640989/Live/England-Premier-League-2022-2023-Liverpool-Aston-Villa,
ENG-Premier League,2223,2023-05-20 Nottingham Forest-Arsenal,2023-05-20 17:30:00,Nottingham Forest,Arsenal,1640995,https://www.whoscored.com/Matches/1640995/Live/England-Premier-League-2022-2023-Nottingham-Forest-Arsenal,
ENG-Premier League,2223,2023-05-20 Tottenham-Brentford,2023-05-20 12:30:00,Tottenham,Brentford,1640997,https://www.whoscored.com/Matches/1640997/Live/England-Premier-League-2022-2023-Tottenham-Brentford,
ENG-Premier League,2223,2023-05-20 Wolves-Everton,2023-05-20 15:00:00,Wolves,Everton,1641001,https://www.whoscored.com/Matches/1641001/Live/England-Premier-League-2022-2023-Wolves-Everton,
ENG-Premier League,2223,2023-05-21 Brighton-Southampton,2023-05-21 14:00:00,Brighton,Southampton,1640986,https://www.whoscored.com/Matches/1640986/Live/England-Premier-League-2022-2023-Brighton-Southampton,
ENG-Premier League,2223,2023-05-21 Manchester City-Chelsea,2023-05-21 16:00:00,Manchester City,Chelsea,1640991,https://www.whoscored.com/Matches/1640991/Live/England-Premier-League-2022-2023-Manchester-City-Chelsea,
ENG-Premier League,2223,2023-05-21 West Ham-Leeds,2023-05-21 13:30:00,West Ham,Leeds,1640999,https://www.whoscored.com/Matches/1640999/Live/England-Premier-League-2022-2023-West-Ham-Leeds,
ENG-Premier League,2223,2023-05-22 Newcastle-Leicester,2023-05-22 20:00:00,Newcastle,Leicester,1640993,https://www.whoscored.com/Matches/1640993/Live/England-Premier-League-2022-2023-Newcastle-Leicester,
ENG-Premier League,2223,2023-05-24 Brighton-Manchester City,2023-05-24 20:00:00,Brighton,Manchester City,1640994,https://www.whoscored.com/Matches/1640994/Live/England-Premier-League-2022-2023-Brighton-Manchester-City,
ENG-Premier League,2223,2023-05-25 Manchester United-Chelsea,2023-05-25 20:00:00,Manchester United,Chelsea,1641004,https://www.whoscored.com/Matches/1641004/Live/England-Premier-League-2022-2023-Manchester-United-Chelsea,
ENG-Premier League,2223,2023-05-28 Arsenal-Wolves,2023-05-28 16:30:00,Arsenal,Wolves,1641003,https://www.whoscored.com/Matches/1641003/Live/England-Premier-League-2022-2023-Arsenal-Wolves,
ENG-Premier League,2223,2023-05-28 Aston Villa-Brighton,2023-05-28 16:30:00,Aston Villa,Brighton,1641005,https://www.whoscored.com/Matches/1641005/Live/England-Premier-League-2022-2023-Aston-Villa-Brighton,
ENG-Premier League,2223,2023-05-28 Brentford-Manchester City,2023-05-28 16:30:00,Brentford,Manchester City,1641007,https://www.whoscored.com/Matches/1641007/Live/England-Premier-League-2022-2023-Brentford-Manchester-City,
ENG-Premier League,2223,2023-05-28 Chelsea-Newcastle,2023-05-28 16:30:00,Chelsea,Newcastle,1641009,https://www.whoscored.com/Matches/1641009/Live/England-Premier-League-2022-2023-Chelsea-Newcastle,
ENG-Premier League,2223,2023-05-28 Crystal Palace-Nottingham Forest,2023-05-28 16:30:00,Crystal Palace,Nottingham Forest,1641011,https://www.whoscored.com/Matches/1641011/Live/England-Premier-League-2022-2023-Crystal-Palace-Nottingham-Forest,
ENG-Premier League,2223,2023-05-28 Everton-Bournemouth,2023-05-28 16:30:00,Everton,Bournemouth,1641013,https://www.whoscored.com/Matches/1641013/Live/England-Premier-League-2022-2023-Everton-Bournemouth,
ENG-Premier League,2223,2023-05-28 Leeds-Tottenham,2023-05-28 16:30:00,Leeds,Tottenham,1641015,https://www.whoscored.com/Matches/1641015/Live/England-Premier-League-2022-2023-Leeds-Tottenham,
ENG-Premier League,2223,2023-05-28 Leicester-West Ham,2023-05-28 16:30:00,Leicester,West Ham,1641017,https://www.whoscored.com/Matches/1641017/Live/England-Premier-League-2022-2023-Leicester-West-Ham,
ENG-Premier League,2223,2023-05-28 Manchester United-Fulham,2023-05-28 16:30:00,Manchester United,Fulham,1641019,https://www.whoscored.com/Matches/1641019/Live/England-Premier-League-2022-2023-Manchester-United-Fulham,
ENG-Premier League,2223,2023-05-28 Southampton-Liverpool,2023-05-28 16:30:00,Southampton,Liverpool,1641021,https://www.whoscored.com/Matches/1641021/Live/England-Premier-League-2022-2023-Southampton-Liverpool,
